{
  "project_info": {
    "project_number": "812124506536",
    "project_id": "hayturnodev"
  },
  "client": [
    {
      "client_info": {
        "mobilesdk_app_id": "1:812124506536:android:58648b38c124406e",
        "android_client_info": {
          "package_name": "com.hayturnoapp"
        }
      },
      "oauth_client": [
        {
          "client_id": "812124506536-6jqsbd0tta6dhpgojmrocq27t9ksc8ap.apps.googleusercontent.com",
          "client_type": 1,
          "android_info": {
            "package_name": "com.hayturnoapp",
            "certificate_hash": "AF02010559702C11E67FEA17E969C0A59A8861D2"
          }
        },
        {
          "client_id": "812124506536-i4ackieq4o92720jaroonav01q5g4f3l.apps.googleusercontent.com",
          "client_type": 1,
          "android_info": {
            "package_name": "com.hayturnoapp",
            "certificate_hash": "EC0CB5688717F082E8CAC8D261D644486058F963"
          }
        },
        {
          "client_id": "812124506536-eln5idslldas2csmhueefa8gfqti6ps6.apps.googleusercontent.com",
          "client_type": 3
        }
      ],
      "api_key": [
        {
          "current_key": "AIzaSyDnELsgfAO88_06yLrkkOdTK5-_wO5REoE"
        }
      ],
      "services": {
        "analytics_service": {
          "status": 1
        },
        "appinvite_service": {
          "status": 1,
          "other_platform_oauth_client": []
        },
        "ads_service": {
          "status": 1
        }
      }
    }
  ],
  "configuration_version": "1"
}